bid,title,Author
b001,A song of ice and fire,George R R Martin 
b002,Harry Potter Series,J K Rowling
b003,The Fourth Estate,Jeffrey Archer
b004,Kane and Abel,Jeffrey Archer
b005,Five Point Someone,Chetan Bhagat
b006,Deception Point,Dan Brown
b007,The Monk Who Sold His Ferrari,Robin Sharma
b008,Adventures of Sherlock Holmes,Arthur Conan Doyle
b009,Thinking Fast and Slow,Daniel Kahneman
b010,The Power of Habit,Charles Duhigg
b011,The Attention Revolution,Alan Wallace
b012,Deep Work,Cal Newport
b013,Emotional Intelligence,Daniel Goleman
b014,Three Men in a Boat,Jerome K Jerome
