user_id,Username,Email_id,password
1,Wanda Dean,wdean0@google.com.br,skdhcnj
2,Deborah Wright,dwright1@infoseek.co.jp,weh23
3,Aaron Freeman,afreeman2@blog.com,wfj43
4,Johnny Walker,jwalker3@aol.com,23ew
5,Julie Jordan,jjordan4@odnoklassniki.ru,234dwe
6,Ryan Foster,rfoster5@blog.com,23dew
7,Edward Patterson,epatterson6@answers.com,skdhcnj
8,Stephen Stephens,sstephens7@cbslocal.com,weh23
9,Antonio Frazier,afrazier8@springer.com,wfj43
10,Terry Hill,thill9@jigsy.com,23ew
11,Gloria Watkins,gwatkinsa@stumbleupon.com,234dwe
12,Brandon Hamilton,bhamiltonb@archive.org,23dew
13,Doris Owens,dowensc@unesco.org,skdhcnj
14,Virginia Hansen,vhansend@webnode.com,weh23
15,Aaron Knight,aknighte@abc.net.au,wfj43
16,George Gardner,ggardnerf@slate.com,23ew
17,Carol Clark,cclarkg@wordpress.org,234dwe
18,Pamela Sanchez,psanchezh@prnewswire.com,23dew
19,Lawrence Powell,lpowelli@bravesites.com,23ew
20,Amy Bailey,abaileyj@economist.com,234dwe
21,Andrea Richards,arichardsk@flavors.me,23dew
22,Paula Morris,pmorrisl@vistaprint.com,skdhcnj
23,Julia Bell,jbellm@cnn.com,weh23
24,Teresa Stanley,tstanleyn@ted.com,wfj43
25,Elizabeth Torres,etorreso@seattletimes.com,23ew
26,Craig Arnold,carnoldp@163.com,234dwe
27,Joe Cunningham,jcunninghamq@globo.com,23dew
28,Virginia Gibson,vgibsonr@phpbb.com,jhvadb34
29,Catherine Nichols,cnicholss@stumbleupon.com,jdbh43 
30,Debra Hanson,dhansont@time.com,zvbxc6
31,Jeremy Owens,jowensu@slideshare.net,eiudh4
32,Eric Hunt,ehuntv@shop-pro.jp,asdga5
33,Joan Mills,jmillsw@alibaba.com,ekljwrh348
34,Craig Powell,cpowellx@booking.com,jhvadb34
35,Sandra Butler,sbutlery@freewebs.com,jdbh43 
36,Karen Miller,kmillerz@friendfeed.com,zvbxc6
37,Daniel Gilbert,dgilbert10@google.es,eiudh4
38,James Lee,jlee11@posterous.com,asdga5
39,Harold Morales,hmorales12@timesonline.co.uk,ekljwrh348
40,Catherine Griffin,cgriffin13@comsenz.com,jdbh43 
41,Mildred Moore,mmoore14@jigsy.com,zvbxc6
42,Nicholas Berry,nberry15@last.fm,eiudh4
43,Alice Peters,apeters16@google.ru,asdga5
44,Michelle Rodriguez,mrodriguez17@homestead.com,ekljwrh348
45,Aaron Garza,agarza18@pen.io,wfj43
46,Samuel Rodriguez,srodriguez19@jalbum.net,23ew
47,Alice Cook,acook1a@google.com.hk,234dwe
48,Michael Olson,molson1b@facebook.com,23dew
49,Ryan Lawson,rlawson1c@elpais.com,23ew
50,Thomas Welch,twelch1d@ebay.co.uk,234dwe
51,Ruth Olson,rolson1e@google.fr,23dew
52,Dennis Roberts,droberts1f@typepad.com,skdhcnj
53,Craig Cook,ccook1g@newsvine.com,weh23
54,Scott Marshall,smarshall1h@sourceforge.net,wfj43
55,Earl Henry,ehenry1i@chicagotribune.com,23ew
56,Joyce Hart,jhart1j@go.com,234dwe
57,Russell Little,rlittle1k@joomla.org,23dew
58,Mary Weaver,mweaver1l@latimes.com,jhvadb34
59,Nicholas Hicks,nhicks1m@microsoft.com,jdbh43 
60,Amy Bishop,abishop1n@51.la,zvbxc6
61,Steven Kelley,skelley1o@yellowpages.com,eiudh4
62,Alan Williams,awilliams1p@drupal.org,asdga5
63,Jack Jacobs,jjacobs1q@comsenz.com,ekljwrh348
64,Nicole Hart,nhart1r@friendfeed.com,jhvadb34
65,Richard Hernandez,rhernandez1s@uol.com.br,jdbh43 
66,Antonio Johnston,ajohnston1t@guardian.co.uk,zvbxc6
67,Jonathan Knight,jknight1u@foxnews.com,eiudh4
68,Keith King,kking1v@webeden.co.uk,asdga5
69,Joshua Arnold,jarnold1w@unc.edu,wfj43
70,Victor Freeman,vfreeman1x@amazon.co.uk,23ew
71,Howard Ramos,hramos1y@samsung.com,234dwe
72,Judy Robertson,jrobertson1z@infoseek.co.jp,23dew
73,Jimmy Hernandez,jhernandez20@drupal.org,23ew
74,Lisa Dean,ldean21@blogspot.com,234dwe
75,Joan Fowler,jfowler22@google.com.br,23dew
76,Catherine Woods,cwoods23@yellowpages.com,skdhcnj
77,Cynthia Carroll,ccarroll24@joomla.org,weh23
78,Bonnie Snyder,bsnyder25@pinterest.com,wfj43
79,Joseph Hall,jhall26@geocities.jp,23ew
80,Evelyn Bishop,ebishop27@cornell.edu,234dwe
81,Wanda Jenkins,wjenkins28@hp.com,23dew
82,Joseph Flores,jflores29@mail.ru,jhvadb34
83,Alan Fowler,afowler2a@mediafire.com,jdbh43 
84,Louise Franklin,lfranklin2b@delicious.com,zvbxc6
85,Sarah Edwards,sedwards2c@about.me,eiudh4
86,Irene Gomez,igomez2d@patch.com,asdga5
87,Irene Jordan,ijordan2e@photobucket.com,ekljwrh348
88,Alice Fields,afields2f@omniture.com,jhvadb34
89,Michelle Perez,mperez2g@barnesandnoble.com,jdbh43 
90,Jason Dixon,jdixon2h@liveinternet.ru,zvbxc6
91,Ryan Spencer,rspencer2i@wix.com,eiudh4
92,Fred Welch,fwelch2j@mtv.com,asdga5
93,Irene Kelly,ikelly2k@ihg.com,ekljwrh348
94,Peter Hunter,phunter2l@scientificamerican.com,jhvadb34
95,Barbara Barnes,bbarnes2m@thetimes.co.uk,jdbh43 
96,Fred Bowman,fbowman2n@constantcontact.com,zvbxc6
97,Jessica Castillo,jcastillo2o@geocities.com,eiudh4
98,Kelly Hanson,khanson2p@taobao.com,asdga5
99,Beverly Young,byoung2q@indiatimes.com,eiudh4
100,Richard Harris,rharris2r@archive.org,asdga5
